,count,mean,std,min,25%,50%,75%,max
Physics_grade,5.0,74.8,15.498387012847498,55.0,65.0,75.0,85.0,94.0
Chemistry_grade,5.0,79.8,7.5960516059331775,70.0,75.0,80.0,85.0,89.0
Math_grade,5.0,76.0,17.621010186706094,48.0,73.0,78.0,87.0,94.0
Biology_grade,5.0,68.4,14.415269681833914,46.0,67.0,67.0,79.0,83.0
total grade,5.0,299.0,34.655446902326915,254.0,270.0,315.0,328.0,328.0
Average_Grade,5.0,74.75,8.663861725581729,63.5,67.5,78.75,82.0,82.0
